{"price_total": "1703", "area": "Morrinsville", "company": "Tiny Mighty Power", "plan_type": "EL", "discounts": "Prompt Payment Discount: 15%", "plan": "Uncontrolled (Low User)", "plan_category": "Uncontrolled", "tariffs": {"Daily charge": "0.4058", "Uncontrolled": "0.3194"}, "price_last_changed": "May 2013"}
{"price_total": "1853", "area": "Morrinsville", "company": "Just Energy", "plan_type": "EL", "discounts": "Prompt Payment Discount: 20%", "plan": "Low User Uncontrolled", "plan_category": "Uncontrolled", "tariffs": {"Electricity Authority Levy": "0.0024", "Daily charge": "0.4313", "Uncontrolled": "0.3693"}, "price_last_changed": "Apr 2013"}
{"price_total": "1847", "area": "Morrinsville", "company": "Nova Energy", "plan_type": "EL", "discounts": "Prompt Payment Discount: 15%", "plan": "Low user Anytime", "plan_category": "Uncontrolled", "tariffs": {"Electricity Authority Levy": "0.0028", "Daily charge": "0.4059", "Anytime": "0.3459"}, "price_last_changed": "Mar 2013"}
{"price_total": "1845", "area": "Morrinsville", "company": "Energy Online", "plan_type": "EL", "discounts": "Prompt Payment Discount: 20%", "plan": "Uncontrolled", "plan_category": "Uncontrolled", "tariffs": {"Daily charge": "2.0700", "Uncontrolled": "0.2670"}, "price_last_changed": "May 2012"}
{"price_total": "1817", "area": "Morrinsville", "company": "Tiny Mighty Power", "plan_type": "EL", "discounts": "Prompt Payment Discount: 15%", "plan": "Uncontrolled", "plan_category": "Uncontrolled", "tariffs": {"Daily charge": "1.7498", "Uncontrolled": "0.2582"}, "price_last_changed": "May 2013"}
{"price_total": "1811", "area": "Morrinsville", "company": "Meridian Energy", "plan_type": "EL", "discounts": "Prompt Payment Discount: 10%", "plan": "Low User Anytime", "plan_category": "Uncontrolled", "tariffs": {"Low Anytime": "0.3204", "Electricity Authority Levy": "0.0019", "Low  Daily": "0.3833"}, "price_last_changed": "Apr 2013"}
{"price_total": "1803", "area": "Morrinsville", "company": "Tiny Mighty Power", "plan_type": "EL", "discounts": "Prompt Payment Discount: 15%", "plan": "Price-Lock Uncontrolled (Low User)", "plan_category": "Uncontrolled", "tariffs": {"Daily charge": "0.4058", "Uncontrolled": "0.3397"}, "price_last_changed": "May 2013"}
{"price_total": "1801", "area": "Morrinsville", "company": "Powershop", "plan_type": "EL", "discounts": "NA", "plan": "Low User Simple Saver Uncontrolled", "plan_category": "Uncontrolled", "tariffs": {}, "price_last_changed": "Apr 2013"}
{"price_total": "1783", "area": "Morrinsville", "company": "Just Energy", "plan_type": "EL", "discounts": "Prompt Payment Discount: 20%", "plan": "A Just Deal - Low User Uncontrolled", "plan_category": "Uncontrolled", "tariffs": {"Electricity Authority Levy": "0.0024", "Daily charge": "0.4313", "Uncontrolled": "0.3542"}, "price_last_changed": "Apr 2013"}
{"price_total": "1775", "area": "Morrinsville", "company": "Contact Energy", "plan_type": "EL", "discounts": "Online OnTime Discount: 22%", "plan": "Anytime - Online OnTime (Low User)", "plan_category": "Uncontrolled", "tariffs": {"Electricity Authority Levy": "0.0018", "Daily charge": "0.3833", "Anytime": "0.3659"}, "price_last_changed": "Apr 2013"}
{"price_total": "1759", "area": "Morrinsville", "company": "Powershop", "plan_type": "EL", "discounts": "NA", "plan": "Low User Simple Saver + Uncontrolled", "plan_category": "Uncontrolled", "tariffs": {}, "price_last_changed": "May 2013"}
{"price_total": "1714", "area": "Morrinsville", "company": "Energy Online", "plan_type": "EL", "discounts": "Prompt Payment Discount: 20%", "plan": "Uncontrolled (Low User)", "plan_category": "Uncontrolled", "tariffs": {"Daily charge": "0.4313", "Uncontrolled": "0.3418"}, "price_last_changed": "May 2012"}
{"price_total": "565", "area": "Morrinsville", "company": "Genesis Energy", "plan_type": "GA", "discounts": "Prompt Payment discount: 10%", "plan": "Lifestyle Plan", "plan_category": "Uncontrolled", "tariffs": {"Daily Fixed Charge": "1.6330", "Units used (kWh)": "0.0758", "Dual fuel Discount (per day)": "0.2875"}, "price_last_changed": "Feb 2013"}
{"price_total": "478", "area": "Morrinsville", "company": "Contact Energy", "plan_type": "GA", "discounts": "Prompt Payment discount: 10%", "plan": "Living Smart", "plan_category": "Uncontrolled", "tariffs": {"Units used (kWh)": "0.1141", "Daily Charge": "1.2892", "Gas Industry Company Fees (per day)": "0.0324", "Additional DualEnergy prompt payment discount": "5%"}, "price_last_changed": "Jan 2011"}
{"price_total": "426", "area": "Morrinsville", "company": "Nova Energy", "plan_type": "GA", "discounts": "Prompt Payment discount: 15%", "plan": "Gas plan", "plan_category": "Uncontrolled", "tariffs": {"Units used (kWh)": "0.1305", "Gas Industry Fees (per day)": "0.0231", "Daily Charge": "1.1967"}, "price_last_changed": "Mar 2013"}
{"price_total": "414", "area": "Morrinsville", "company": "Contact Energy", "plan_type": "GA", "discounts": "Electronic Payment discount: 22%", "plan": "Living Smart - Online OnTime", "plan_category": "Uncontrolled", "tariffs": {"Daily Charge": "1.2892", "Gas Industry Company Fees (per day)": "0.0324", "Units used (kWh)": "0.1141"}, "price_last_changed": "Jan 2011"}
{"price_total": "426", "area": "Morrinsville", "company": "Nova Energy", "plan_type": "GA", "discounts": "Prompt Payment discount: 15%", "plan": "Gas plan", "plan_category": "Uncontrolled", "tariffs": {"Units used (kWh)": "0.1305", "Gas Industry Fees (per day)": "0.0231", "Daily Charge": "1.1967"}, "price_last_changed": "Mar 2013"}
{"price_total": "1847", "area": "Morrinsville", "company": "Nova Energy", "plan_type": "EL", "discounts": "Prompt Payment Discount: 15%", "plan": "Low user Anytime", "plan_category": "Uncontrolled", "tariffs": {"Electricity Authority Levy": "0.0028", "Daily charge": "0.4059", "Anytime": "0.3459"}, "price_last_changed": "Mar 2013"}
{"price_total": "430", "area": "Morrinsville", "company": "Mercury Energy", "plan_type": "GA", "discounts": "Prompt Payment discount: 10%", "plan": "Duo Residential Gas", "plan_category": "Uncontrolled", "tariffs": {"Units used (kWh)": "0.1150", "Daily Charge": "1.1764", "Dual fuel Discount (per day)": "0.1725"}, "price_last_changed": "Apr 2013"}
{"price_total": "1882", "area": "Morrinsville", "company": "Mercury Energy", "plan_type": "EL", "discounts": "Prompt Payment Discount: 10%", "plan": "Low User - Anytime", "plan_category": "Uncontrolled", "tariffs": {"Daily Charge": "0.3833", "Anytime": "0.3359"}, "price_last_changed": "Apr 2013"}
{"price_total": "414", "area": "Morrinsville", "company": "Contact Energy", "plan_type": "GA", "discounts": "Electronic Payment discount: 22%", "plan": "Living Smart - Online OnTime", "plan_category": "Uncontrolled", "tariffs": {"Daily Charge": "1.2892", "Gas Industry Company Fees (per day)": "0.0324", "Units used (kWh)": "0.1141"}, "price_last_changed": "Jan 2011"}
{"price_total": "1775", "area": "Morrinsville", "company": "Contact Energy", "plan_type": "EL", "discounts": "Online OnTime Discount: 22%", "plan": "Anytime - Online OnTime (Low User)", "plan_category": "Uncontrolled", "tariffs": {"Electricity Authority Levy": "0.0018", "Daily charge": "0.3833", "Anytime": "0.3659"}, "price_last_changed": "Apr 2013"}
{"price_total": "1844", "area": "Morrinsville", "company": "Genesis Energy", "plan_type": "EL", "discounts": "Prompt Payment Discount: 10%", "plan": "Classic Anytime", "plan_category": "Uncontrolled", "tariffs": {"Daily Fixed Charge": "0.3833", "Anytime": "0.3287"}, "price_last_changed": "Apr 2013"}
{"price_total": "373", "area": "Morrinsville", "company": "Genesis Energy", "plan_type": "GA", "discounts": "Prompt Payment discount: 10%", "plan": "Convenience Plan", "plan_category": "Uncontrolled", "tariffs": {"Daily Fixed Charge": "0.9775", "Units used (kWh)": "0.1356", "Dual fuel Discount (per day)": "0.2875"}, "price_last_changed": "Feb 2013"}
{"price_total": "2268", "area": "Morrinsville", "company": "TrustPower", "plan_type": "EL", "discounts": "Prompt Payment Discount: 15%", "plan": "24 Hour", "plan_category": "Uncontrolled", "tariffs": {"24 Hour": "0.3159", "Daily Charge": "2.2195", "Electricity Market Fee": "0.0035"}, "price_last_changed": "Jun 2012"}
{"price_total": "2227", "area": "Morrinsville", "company": "Contact Energy", "plan_type": "EL", "discounts": "Prompt Payment Discount: 10%", "plan": "Anytime", "plan_category": "Uncontrolled", "tariffs": {"Electricity Authority Levy": "0.0018", "Daily charge": "2.3701", "Anytime": "0.2753", "Additional DualEnergy prompt payment discount": "5%"}, "price_last_changed": "Apr 2013"}
{"price_total": "2227", "area": "Morrinsville", "company": "Empower", "plan_type": "EL", "discounts": "Prompt Payment Discount: 10%", "plan": "Anytime", "plan_category": "Uncontrolled", "tariffs": {"Electricity Authority Levy": "0.0018", "Daily charge": "2.3701", "Anytime": "0.2753"}, "price_last_changed": "Apr 2013"}
{"price_total": "2163", "area": "Morrinsville", "company": "TrustPower", "plan_type": "EL", "discounts": "Prompt Payment Discount: 15%", "plan": "24 Hour - Friends", "plan_category": "Uncontrolled", "tariffs": {"24 Hour": "0.3033", "Daily Charge": "2.0815", "Electricity Market Fee": "0.0035"}, "price_last_changed": "Jun 2012"}
{"price_total": "2114", "area": "Morrinsville", "company": "TrustPower", "plan_type": "EL", "discounts": "Prompt Payment Discount: 15%", "plan": "24 Hour (Low User)", "plan_category": "Uncontrolled", "tariffs": {"24 Hour": "0.3986", "Daily Charge": "0.4058", "Electricity Market Fee": "0.0035"}, "price_last_changed": "Jun 2012"}
{"price_total": "2103", "area": "Morrinsville", "company": "TrustPower", "plan_type": "EL", "discounts": "Prompt Payment Discount: 15%", "plan": "24 Hour - Friends Extra", "plan_category": "Uncontrolled", "tariffs": {"24 Hour": "0.3033", "Daily Charge": "2.0815", "5 Year Term Discount": "5%", "3 Year Term Discount": "4%", "Electricity Market Fee": "0.0035"}, "price_last_changed": "Jun 2012"}
{"price_total": "2049", "area": "Morrinsville", "company": "Mercury Energy", "plan_type": "EL", "discounts": "Prompt Payment Discount: 10%", "plan": "Standard - Anytime", "plan_category": "Uncontrolled", "tariffs": {"Daily Charge": "2.2336", "Anytime": "0.2516"}, "price_last_changed": "Apr 2013"}
{"price_total": "2048", "area": "Morrinsville", "company": "Contact Energy", "plan_type": "EL", "discounts": "Prompt Payment Discount: 10%", "plan": "Anytime (Low User)", "plan_category": "Uncontrolled", "tariffs": {"Electricity Authority Levy": "0.0018", "Daily charge": "0.3833", "Anytime": "0.3659", "Additional DualEnergy prompt payment discount": "5%"}, "price_last_changed": "Apr 2013"}
{"price_total": "2048", "area": "Morrinsville", "company": "Empower", "plan_type": "EL", "discounts": "Prompt Payment Discount: 10%", "plan": "Anytime (Low User)", "plan_category": "Uncontrolled", "tariffs": {"Electricity Authority Levy": "0.0018", "Daily charge": "0.3833", "Anytime": "0.3659"}, "price_last_changed": "Apr 2013"}
{"price_total": "2020", "area": "Morrinsville", "company": "TrustPower", "plan_type": "EL", "discounts": "Prompt Payment Discount: 15%", "plan": "24 Hour (Low User) - Friends", "plan_category": "Uncontrolled", "tariffs": {"24 Hour": "0.3796", "Daily Charge": "0.4058", "Electricity Market Fee": "0.0035"}, "price_last_changed": "Jun 2012"}
{"price_total": "2003", "area": "Morrinsville", "company": "Just Energy", "plan_type": "EL", "discounts": "Prompt Payment Discount: 20%", "plan": "Standard User Uncontrolled", "plan_category": "Uncontrolled", "tariffs": {"Electricity Authority Levy": "0.0024", "Daily charge": "2.3477", "Uncontrolled": "0.2812"}, "price_last_changed": "Apr 2013"}
{"price_total": "1980", "area": "Morrinsville", "company": "Genesis Energy", "plan_type": "EL", "discounts": "Prompt Payment Discount: 10%", "plan": "Household Anytime", "plan_category": "Uncontrolled", "tariffs": {"Daily Fixed Charge": "1.8860", "Anytime": "0.2602"}, "price_last_changed": "Apr 2013"}
{"price_total": "1945", "area": "Morrinsville", "company": "TrustPower", "plan_type": "EL", "discounts": "Prompt Payment Discount: 15%", "plan": "24 Hour (Low User) - Friends Extra", "plan_category": "Uncontrolled", "tariffs": {"24 Hour": "0.3796", "Daily Charge": "0.4058", "5 Year Term Discount": "5%", "3 Year Term Discount": "4%", "Electricity Market Fee": "0.0035"}, "price_last_changed": "Jun 2012"}
{"price_total": "1941", "area": "Morrinsville", "company": "Meridian Energy", "plan_type": "EL", "discounts": "Prompt Payment Discount: 10%", "plan": "Anytime", "plan_category": "Uncontrolled", "tariffs": {"Electricity Authority Levy": "0.0019", "Daily": "1.8259", "Anytime": "0.2546"}, "price_last_changed": "Apr 2013"}
{"price_total": "1939", "area": "Morrinsville", "company": "Nova Energy", "plan_type": "EL", "discounts": "Prompt Payment Discount: 15%", "plan": "Standard user Anytime", "plan_category": "Uncontrolled", "tariffs": {"Electricity Authority Levy": "0.0028", "Daily charge": "1.4867", "Anytime": "0.2965"}, "price_last_changed": "Mar 2013"}
{"price_total": "1937", "area": "Morrinsville", "company": "Powershop", "plan_type": "EL", "discounts": "NA", "plan": "Simple Saver Uncontrolled", "plan_category": "Uncontrolled", "tariffs": {}, "price_last_changed": "Apr 2013"}
{"price_total": "1936", "area": "Morrinsville", "company": "Just Energy", "plan_type": "EL", "discounts": "Prompt Payment Discount: 20%", "plan": "A Just Deal - Standard User Uncontrolled", "plan_category": "Uncontrolled", "tariffs": {"Electricity Authority Levy": "0.0024", "Daily charge": "2.3477", "Uncontrolled": "0.2667"}, "price_last_changed": "Apr 2013"}
{"price_total": "1930", "area": "Morrinsville", "company": "Contact Energy", "plan_type": "EL", "discounts": "Online OnTime Discount: 22%", "plan": "Anytime - Online OnTime", "plan_category": "Uncontrolled", "tariffs": {"Electricity Authority Levy": "0.0018", "Daily charge": "2.3701", "Anytime": "0.2753"}, "price_last_changed": "Apr 2013"}
{"price_total": "1927", "area": "Morrinsville", "company": "Tiny Mighty Power", "plan_type": "EL", "discounts": "Prompt Payment Discount: 15%", "plan": "Price-Lock Uncontrolled", "plan_category": "Uncontrolled", "tariffs": {"Daily charge": "1.8548", "Uncontrolled": "0.2737"}, "price_last_changed": "May 2013"}
{"price_total": "1896", "area": "Morrinsville", "company": "Powershop", "plan_type": "EL", "discounts": "NA", "plan": "Simple Saver + Uncontrolled", "plan_category": "Uncontrolled", "tariffs": {}, "price_last_changed": "May 2013"}
{"price_total": "1645", "area": "Morrinsville", "company": "Tiny Mighty Power", "plan_type": "EL", "discounts": "Prompt Payment Discount: 15%", "plan": "Combined (Low User)", "plan_category": "All inclusive", "tariffs": {"Daily charge": "0.4058", "Combined": "0.3077"}, "price_last_changed": "May 2013"}
{"price_total": "1811", "area": "Morrinsville", "company": "Energy Online", "plan_type": "EL", "discounts": "Prompt Payment Discount: 20%", "plan": "All Inclusive", "plan_category": "All inclusive", "tariffs": {"All inclusive": "0.2597", "Daily charge": "2.0700"}, "price_last_changed": "May 2012"}
{"price_total": "1803", "area": "Morrinsville", "company": "Nova Energy", "plan_type": "EL", "discounts": "Prompt Payment Discount: 15%", "plan": "Low user Composite", "plan_category": "All inclusive", "tariffs": {"Composite": "0.3368", "Electricity Authority Levy": "0.0028", "Daily charge": "0.4059"}, "price_last_changed": "Mar 2013"}
{"price_total": "1792", "area": "Morrinsville", "company": "Just Energy", "plan_type": "EL", "discounts": "Prompt Payment Discount: 20%", "plan": "Low User All Inclusive", "plan_category": "All inclusive", "tariffs": {"All Inclusive": "0.3562", "Electricity Authority Levy": "0.0024", "Daily charge": "0.4313"}, "price_last_changed": "Apr 2013"}
{"price_total": "1760", "area": "Morrinsville", "company": "Tiny Mighty Power", "plan_type": "EL", "discounts": "Prompt Payment Discount: 15%", "plan": "Combined", "plan_category": "All inclusive", "tariffs": {"Daily charge": "1.7498", "Combined": "0.2466"}, "price_last_changed": "May 2013"}
{"price_total": "1751", "area": "Morrinsville", "company": "Meridian Energy", "plan_type": "EL", "discounts": "Prompt Payment Discount: 10%", "plan": "Low User Economy 24", "plan_category": "All inclusive", "tariffs": {"Low Daily": "0.3833", "Electricity Authority Levy": "0.0019", "Low Economy 24": "0.3089"}, "price_last_changed": "Apr 2013"}
{"price_total": "1742", "area": "Morrinsville", "company": "Tiny Mighty Power", "plan_type": "EL", "discounts": "Prompt Payment Discount: 15%", "plan": "Price-Lock Combined (Low User)", "plan_category": "All inclusive", "tariffs": {"Daily charge": "0.4058", "Combined": "0.3274"}, "price_last_changed": "May 2013"}
{"price_total": "1741", "area": "Morrinsville", "company": "Powershop", "plan_type": "EL", "discounts": "NA", "plan": "Low User Simple Saver All Inclusive", "plan_category": "All inclusive", "tariffs": {}, "price_last_changed": "Apr 2013"}
{"price_total": "1723", "area": "Morrinsville", "company": "Just Energy", "plan_type": "EL", "discounts": "Prompt Payment Discount: 20%", "plan": "A Just Deal - Low User All Inclusive", "plan_category": "All inclusive", "tariffs": {"All Inclusive": "0.3413", "Electricity Authority Levy": "0.0024", "Daily charge": "0.4313"}, "price_last_changed": "Apr 2013"}
{"price_total": "1715", "area": "Morrinsville", "company": "Contact Energy", "plan_type": "EL", "discounts": "Online OnTime Discount: 22%", "plan": "All Day Economy - Online OnTime (Low User)", "plan_category": "All inclusive", "tariffs": {"All Day Economy": "0.3527", "Electricity Authority Levy": "0.0018", "Daily charge": "0.3833"}, "price_last_changed": "Apr 2013"}
{"price_total": "1699", "area": "Morrinsville", "company": "Powershop", "plan_type": "EL", "discounts": "NA", "plan": "Low User Simple Saver + All Inclusive", "plan_category": "All inclusive", "tariffs": {}, "price_last_changed": "May 2013"}
{"price_total": "1680", "area": "Morrinsville", "company": "Energy Online", "plan_type": "EL", "discounts": "Prompt Payment Discount: 20%", "plan": "All Inclusive (Low User)", "plan_category": "All inclusive", "tariffs": {"All inclusive": "0.3344", "Daily charge": "0.4313"}, "price_last_changed": "May 2012"}
{"price_total": "426", "area": "Morrinsville", "company": "Nova Energy", "plan_type": "GA", "discounts": "Prompt Payment discount: 15%", "plan": "Gas plan", "plan_category": "All inclusive", "tariffs": {"Units used (kWh)": "0.1305", "Gas Industry Fees (per day)": "0.0231", "Daily Charge": "1.1967"}, "price_last_changed": "Mar 2013"}
{"price_total": "1803", "area": "Morrinsville", "company": "Nova Energy", "plan_type": "EL", "discounts": "Prompt Payment Discount: 15%", "plan": "Low user Composite", "plan_category": "All inclusive", "tariffs": {"Composite": "0.3368", "Electricity Authority Levy": "0.0028", "Daily charge": "0.4059"}, "price_last_changed": "Mar 2013"}
{"price_total": "1814", "area": "Morrinsville", "company": "Mercury Energy", "plan_type": "EL", "discounts": "Prompt Payment Discount: 10%", "plan": "Low User - All Inclusive", "plan_category": "All inclusive", "tariffs": {"Daily Charge": "0.3833", "Inclusive": "0.3230"}, "price_last_changed": "Apr 2013"}
{"price_total": "414", "area": "Morrinsville", "company": "Contact Energy", "plan_type": "GA", "discounts": "Electronic Payment discount: 22%", "plan": "Living Smart - Online OnTime", "plan_category": "All inclusive", "tariffs": {"Daily Charge": "1.2892", "Gas Industry Company Fees (per day)": "0.0324", "Units used (kWh)": "0.1141"}, "price_last_changed": "Jan 2011"}
{"price_total": "1715", "area": "Morrinsville", "company": "Contact Energy", "plan_type": "EL", "discounts": "Online OnTime Discount: 22%", "plan": "All Day Economy - Online OnTime (Low User)", "plan_category": "All inclusive", "tariffs": {"All Day Economy": "0.3527", "Electricity Authority Levy": "0.0018", "Daily charge": "0.3833"}, "price_last_changed": "Apr 2013"}
{"price_total": "1784", "area": "Morrinsville", "company": "Genesis Energy", "plan_type": "EL", "discounts": "Prompt Payment Discount: 10%", "plan": "Classic Composite", "plan_category": "All inclusive", "tariffs": {"Composite": "0.3172", "Daily Fixed Charge": "0.3833"}, "price_last_changed": "Apr 2013"}
{"price_total": "2190", "area": "Morrinsville", "company": "TrustPower", "plan_type": "EL", "discounts": "Prompt Payment Discount: 15%", "plan": "All Inclusive", "plan_category": "All inclusive", "tariffs": {"All inclusive": "0.3000", "Daily charge": "2.2195", "Electricity Market Fee": "0.0035"}, "price_last_changed": "Jun 2012"}
{"price_total": "2158", "area": "Morrinsville", "company": "Contact Energy", "plan_type": "EL", "discounts": "Prompt Payment Discount: 10%", "plan": "All Day Economy", "plan_category": "All inclusive", "tariffs": {"All Day Economy": "0.2620", "Electricity Authority Levy": "0.0018", "Daily charge": "2.3701", "Additional DualEnergy prompt payment discount": "5%"}, "price_last_changed": "Apr 2013"}
{"price_total": "2158", "area": "Morrinsville", "company": "Empower", "plan_type": "EL", "discounts": "Prompt Payment Discount: 10%", "plan": "All Day Economy", "plan_category": "All inclusive", "tariffs": {"All Day Economy": "0.2620", "Electricity Authority Levy": "0.0018", "Daily charge": "2.3701"}, "price_last_changed": "Apr 2013"}
{"price_total": "2085", "area": "Morrinsville", "company": "TrustPower", "plan_type": "EL", "discounts": "Prompt Payment Discount: 15%", "plan": "All Inclusive - Friends", "plan_category": "All inclusive", "tariffs": {"All inclusive": "0.2874", "Daily charge": "2.0815", "Electricity Market Fee": "0.0035"}, "price_last_changed": "Jun 2012"}
{"price_total": "2035", "area": "Morrinsville", "company": "TrustPower", "plan_type": "EL", "discounts": "Prompt Payment Discount: 15%", "plan": "All Inclusive (Low User)", "plan_category": "All inclusive", "tariffs": {"All inclusive": "0.3827", "Daily charge": "0.4058", "Electricity Market Fee": "0.0035"}, "price_last_changed": "Jun 2012"}
{"price_total": "2028", "area": "Morrinsville", "company": "TrustPower", "plan_type": "EL", "discounts": "Prompt Payment Discount: 15%", "plan": "All Inclusive - Friends Extra", "plan_category": "All inclusive", "tariffs": {"Electricity Market Fee": "0.0035", "All inclusive": "0.2874", "5 Year Term Discount": "5%", "3 Year Term Discount": "4%", "Daily charge": "2.0815"}, "price_last_changed": "Jun 2012"}
{"price_total": "1982", "area": "Morrinsville", "company": "Mercury Energy", "plan_type": "EL", "discounts": "Prompt Payment Discount: 10%", "plan": "Standard - All Inclusive", "plan_category": "All inclusive", "tariffs": {"Daily Charge": "2.2336", "Inclusive": "0.2387"}, "price_last_changed": "Apr 2013"}
{"price_total": "1979", "area": "Morrinsville", "company": "Contact Energy", "plan_type": "EL", "discounts": "Prompt Payment Discount: 10%", "plan": "All Day Economy (Low User)", "plan_category": "All inclusive", "tariffs": {"All Day Economy": "0.3527", "Electricity Authority Levy": "0.0018", "Daily charge": "0.3833", "Additional DualEnergy prompt payment discount": "5%"}, "price_last_changed": "Apr 2013"}
{"price_total": "1979", "area": "Morrinsville", "company": "Empower", "plan_type": "EL", "discounts": "Prompt Payment Discount: 10%", "plan": "All Day Economy (Low User)", "plan_category": "All inclusive", "tariffs": {"All Day Economy": "0.3527", "Electricity Authority Levy": "0.0018", "Daily charge": "0.3833"}, "price_last_changed": "Apr 2013"}
{"price_total": "1942", "area": "Morrinsville", "company": "TrustPower", "plan_type": "EL", "discounts": "Prompt Payment Discount: 15%", "plan": "All Inclusive (Low User) - Friends", "plan_category": "All inclusive", "tariffs": {"All inclusive": "0.3637", "Daily charge": "0.4058", "Electricity Market Fee": "0.0035"}, "price_last_changed": "Jun 2012"}
{"price_total": "1942", "area": "Morrinsville", "company": "Just Energy", "plan_type": "EL", "discounts": "Prompt Payment Discount: 20%", "plan": "Standard User All Inclusive", "plan_category": "All inclusive", "tariffs": {"All Inclusive": "0.2681", "Electricity Authority Levy": "0.0024", "Daily charge": "2.3477"}, "price_last_changed": "Apr 2013"}
{"price_total": "1920", "area": "Morrinsville", "company": "Genesis Energy", "plan_type": "EL", "discounts": "Prompt Payment Discount: 10%", "plan": "Household Composite", "plan_category": "All inclusive", "tariffs": {"Composite": "0.2487", "Daily Fixed Charge": "1.8860"}, "price_last_changed": "Apr 2013"}
{"price_total": "1895", "area": "Morrinsville", "company": "Nova Energy", "plan_type": "EL", "discounts": "Prompt Payment Discount: 15%", "plan": "Standard user Composite", "plan_category": "All inclusive", "tariffs": {"Composite": "0.2875", "Electricity Authority Levy": "0.0028", "Daily charge": "1.4867"}, "price_last_changed": "Mar 2013"}
{"price_total": "1880", "area": "Morrinsville", "company": "Meridian Energy", "plan_type": "EL", "discounts": "Prompt Payment Discount: 10%", "plan": "Economy 24", "plan_category": "All inclusive", "tariffs": {"Economy 24": "0.2431", "Electricity Authority Levy": "0.0019", "Daily": "1.8259"}, "price_last_changed": "Apr 2013"}
{"price_total": "1877", "area": "Morrinsville", "company": "Powershop", "plan_type": "EL", "discounts": "NA", "plan": "Simple Saver All Inclusive", "plan_category": "All inclusive", "tariffs": {}, "price_last_changed": "Apr 2013"}
{"price_total": "1876", "area": "Morrinsville", "company": "Just Energy", "plan_type": "EL", "discounts": "Prompt Payment Discount: 20%", "plan": "A Just Deal - Standard User All Inclusive", "plan_category": "All inclusive", "tariffs": {"All Inclusive": "0.2538", "Electricity Authority Levy": "0.0024", "Daily charge": "2.3477"}, "price_last_changed": "Apr 2013"}
{"price_total": "1870", "area": "Morrinsville", "company": "TrustPower", "plan_type": "EL", "discounts": "Prompt Payment Discount: 15%", "plan": "All Inclusive (Low User) - Friends Extra", "plan_category": "All inclusive", "tariffs": {"Electricity Market Fee": "0.0035", "All inclusive": "0.3637", "5 Year Term Discount": "5%", "3 Year Term Discount": "4%", "Daily charge": "0.4058"}, "price_last_changed": "Jun 2012"}
{"price_total": "1870", "area": "Morrinsville", "company": "Contact Energy", "plan_type": "EL", "discounts": "Online OnTime Discount: 22%", "plan": "All Day Economy - Online OnTime", "plan_category": "All inclusive", "tariffs": {"All Day Economy": "0.2620", "Electricity Authority Levy": "0.0018", "Daily charge": "2.3701"}, "price_last_changed": "Apr 2013"}
{"price_total": "1866", "area": "Morrinsville", "company": "Tiny Mighty Power", "plan_type": "EL", "discounts": "Prompt Payment Discount: 15%", "plan": "Price-Lock Combined", "plan_category": "All inclusive", "tariffs": {"Daily charge": "1.8548", "Combined": "0.2614"}, "price_last_changed": "May 2013"}
{"price_total": "1835", "area": "Morrinsville", "company": "Powershop", "plan_type": "EL", "discounts": "NA", "plan": "Simple Saver + All Inclusive", "plan_category": "All inclusive", "tariffs": {}, "price_last_changed": "May 2013"}
{"price_total": "1496", "area": "Morrinsville", "company": "Genesis Energy", "plan_type": "EL", "discounts": "Prompt Payment Discount: 10%", "plan": "Classic Day/Night Uncontrolled", "plan_category": "Day/night", "tariffs": {"Daily Fixed Charge": "0.3833", "Day": "0.3437", "Night": "0.2039"}, "price_last_changed": "Apr 2013"}
{"price_total": "2205", "area": "Morrinsville", "company": "TrustPower", "plan_type": "EL", "discounts": "Prompt Payment Discount: 15%", "plan": "Tui Day/Night", "plan_category": "Day/night", "tariffs": {"Tui Day": "0.3283", "Daily Charge": "2.2195", "Tui Night": "0.2850", "Electricity Market Fee": "0.0035"}, "price_last_changed": "Jun 2012"}
{"price_total": "2128", "area": "Morrinsville", "company": "Empower", "plan_type": "EL", "discounts": "Prompt Payment Discount: 10%", "plan": "Day/Night", "plan_category": "Day/night", "tariffs": {"Day": "0.2846", "Electricity Authority Levy": "0.0018", "Daily Charge": "2.3701", "Night": "0.2362"}, "price_last_changed": "Apr 2013"}
{"price_total": "2128", "area": "Morrinsville", "company": "Contact Energy", "plan_type": "EL", "discounts": "Prompt Payment Discount: 10%", "plan": "Day/Night", "plan_category": "Day/night", "tariffs": {"Day": "0.2846", "Night": "0.2362", "Electricity Authority Levy": "0.0018", "Daily Charge": "2.3701", "Additional DualEnergy prompt payment discount": "5%"}, "price_last_changed": "Apr 2013"}
{"price_total": "2099", "area": "Morrinsville", "company": "TrustPower", "plan_type": "EL", "discounts": "Prompt Payment Discount: 15%", "plan": "Tui Day/Night - Friends", "plan_category": "Day/night", "tariffs": {"Tui Day": "0.3157", "Daily Charge": "2.0815", "Tui Night": "0.2723", "Electricity Market Fee": "0.0035"}, "price_last_changed": "Jun 2012"}
{"price_total": "2050", "area": "Morrinsville", "company": "TrustPower", "plan_type": "EL", "discounts": "Prompt Payment Discount: 15%", "plan": "Tui Day/Night (Low User)", "plan_category": "Day/night", "tariffs": {"Tui Day": "0.4110", "Daily Charge": "0.4058", "Tui Night": "0.3677", "Electricity Market Fee": "0.0035"}, "price_last_changed": "Jun 2012"}
{"price_total": "2042", "area": "Morrinsville", "company": "TrustPower", "plan_type": "EL", "discounts": "Prompt Payment Discount: 15%", "plan": "Tui Day/Night - Friends Extra", "plan_category": "Day/night", "tariffs": {"5 Year Term Discount": "5%", "Tui Night": "0.2723", "Tui Day": "0.3157", "3 Year Term Discount": "4%", "Electricity Market Fee": "0.0035", "Daily Charge": "2.0815"}, "price_last_changed": "Jun 2012"}
{"price_total": "1956", "area": "Morrinsville", "company": "TrustPower", "plan_type": "EL", "discounts": "Prompt Payment Discount: 15%", "plan": "Tui Day/Night (Low User) - Friends", "plan_category": "Day/night", "tariffs": {"Tui Day": "0.3920", "Daily Charge": "0.4058", "Tui Night": "0.3487", "Electricity Market Fee": "0.0035"}, "price_last_changed": "Jun 2012"}
{"price_total": "1949", "area": "Morrinsville", "company": "Contact Energy", "plan_type": "EL", "discounts": "Prompt Payment Discount: 10%", "plan": "Day/Night (Low User)", "plan_category": "Day/night", "tariffs": {"Day": "0.3753", "Night": "0.3268", "Electricity Authority Levy": "0.0018", "Daily Charge": "0.3833", "Additional DualEnergy prompt payment discount": "5%"}, "price_last_changed": "Apr 2013"}
{"price_total": "1949", "area": "Morrinsville", "company": "Empower", "plan_type": "EL", "discounts": "Prompt Payment Discount: 10%", "plan": "Day/Night (Low User)", "plan_category": "Day/night", "tariffs": {"Day": "0.3753", "Electricity Authority Levy": "0.0018", "Daily Charge": "0.3833", "Night": "0.3268"}, "price_last_changed": "Apr 2013"}
{"price_total": "1905", "area": "Morrinsville", "company": "Meridian Energy", "plan_type": "EL", "discounts": "Prompt Payment Discount: 10%", "plan": "DayNight", "plan_category": "Day/night", "tariffs": {"DayNight Night": "0.2325", "Electricity Authority Levy": "0.0019", "Daily": "1.8259", "DayNight Day": "0.2693"}, "price_last_changed": "Apr 2013"}
{"price_total": "1884", "area": "Morrinsville", "company": "TrustPower", "plan_type": "EL", "discounts": "Prompt Payment Discount: 15%", "plan": "Tui Day/Night (Low User) - Friends Extra", "plan_category": "Day/night", "tariffs": {"5 Year Term Discount": "5%", "Tui Night": "0.3487", "Tui Day": "0.3920", "3 Year Term Discount": "4%", "Electricity Market Fee": "0.0035", "Daily Charge": "0.4058"}, "price_last_changed": "Jun 2012"}
{"price_total": "1877", "area": "Morrinsville", "company": "Powershop", "plan_type": "EL", "discounts": "NA", "plan": "Simple Saver Day/Night", "plan_category": "Day/night", "tariffs": {}, "price_last_changed": "Apr 2013"}
{"price_total": "1844", "area": "Morrinsville", "company": "Contact Energy", "plan_type": "EL", "discounts": "Online OnTime Discount: 22%", "plan": "Day/Night - Online OnTime", "plan_category": "Day/night", "tariffs": {"Day": "0.2846", "Electricity Authority Levy": "0.0018", "Daily Charge": "2.3701", "Night": "0.2362"}, "price_last_changed": "Apr 2013"}
{"price_total": "1835", "area": "Morrinsville", "company": "Powershop", "plan_type": "EL", "discounts": "NA", "plan": "Simple Saver + Day/Night", "plan_category": "Day/night", "tariffs": {}, "price_last_changed": "May 2013"}
{"price_total": "1775", "area": "Morrinsville", "company": "Meridian Energy", "plan_type": "EL", "discounts": "Prompt Payment Discount: 10%", "plan": "Low User Day/Night", "plan_category": "Day/night", "tariffs": {"Low Daily": "0.3833", "Low DayNight Day": "0.3351", "Low DayNight Night": "0.2983", "Electricity Authority Levy": "0.0019"}, "price_last_changed": "Apr 2013"}
{"price_total": "1741", "area": "Morrinsville", "company": "Powershop", "plan_type": "EL", "discounts": "NA", "plan": "Low User Simple Saver Day/Night", "plan_category": "Day/night", "tariffs": {}, "price_last_changed": "Apr 2013"}
{"price_total": "1699", "area": "Morrinsville", "company": "Powershop", "plan_type": "EL", "discounts": "NA", "plan": "Low User Simple Saver + Day/Night", "plan_category": "Day/night", "tariffs": {}, "price_last_changed": "May 2013"}
{"price_total": "1689", "area": "Morrinsville", "company": "Contact Energy", "plan_type": "EL", "discounts": "Online OnTime Discount: 22%", "plan": "Day/Night - Online OnTime (Low User)", "plan_category": "Day/night", "tariffs": {"Day": "0.3753", "Electricity Authority Levy": "0.0018", "Daily Charge": "0.3833", "Night": "0.3268"}, "price_last_changed": "Apr 2013"}
{"price_total": "1648", "area": "Morrinsville", "company": "Genesis Energy", "plan_type": "EL", "discounts": "Prompt Payment Discount: 10%", "plan": "Household Day/Night Uncontrolled", "plan_category": "Day/night", "tariffs": {"Daily Fixed Charge": "1.8860", "Day": "0.2728", "Night": "0.1426"}, "price_last_changed": "Apr 2013"}
{"price_total": "414", "area": "Morrinsville", "company": "Contact Energy", "plan_type": "GA", "discounts": "Electronic Payment discount: 22%", "plan": "Living Smart - Online OnTime", "plan_category": "Day/night", "tariffs": {"Daily Charge": "1.2892", "Gas Industry Company Fees (per day)": "0.0324", "Units used (kWh)": "0.1141"}, "price_last_changed": "Jan 2011"}
{"price_total": "1689", "area": "Morrinsville", "company": "Contact Energy", "plan_type": "EL", "discounts": "Online OnTime Discount: 22%", "plan": "Day/Night - Online OnTime (Low User)", "plan_category": "Day/night", "tariffs": {"Day": "0.3753", "Electricity Authority Levy": "0.0018", "Daily Charge": "0.3833", "Night": "0.3268"}, "price_last_changed": "Apr 2013"}
{"price_total": "1464", "area": "Morrinsville", "company": "Energy Online", "plan_type": "EL", "discounts": "Prompt Payment Discount: 20%", "plan": "Uncontrolled with Night (Low User)", "plan_category": "Controlled - Night", "tariffs": {"Uncontrolled": "0.3418", "Daily charge": "0.4313", "Night": "0.2141"}, "price_last_changed": "May 2012"}
{"price_total": "426", "area": "Morrinsville", "company": "Nova Energy", "plan_type": "GA", "discounts": "Prompt Payment discount: 15%", "plan": "Gas plan", "plan_category": "Controlled - Night", "tariffs": {"Units used (kWh)": "0.1305", "Gas Industry Fees (per day)": "0.0231", "Daily Charge": "1.1967"}, "price_last_changed": "Mar 2013"}
{"price_total": "1635", "area": "Morrinsville", "company": "Nova Energy", "plan_type": "EL", "discounts": "Prompt Payment Discount: 15%", "plan": "Low user Anytime with Night", "plan_category": "Controlled - Night", "tariffs": {"Electricity Authority Levy": "0.0028", "Daily charge": "0.4059", "Anytime": "0.3459", "Night": "0.2438"}, "price_last_changed": "Mar 2013"}
{"price_total": "1640", "area": "Morrinsville", "company": "Mercury Energy", "plan_type": "EL", "discounts": "Prompt Payment Discount: 10%", "plan": "Low User - Night (Hot water)", "plan_category": "Controlled - Night", "tariffs": {"Night Meter": "0.2439", "Daily Charge": "0.3833", "Inclusive": "0.3230"}, "price_last_changed": "Apr 2013"}
{"price_total": "414", "area": "Morrinsville", "company": "Contact Energy", "plan_type": "GA", "discounts": "Electronic Payment discount: 22%", "plan": "Living Smart - Online OnTime", "plan_category": "Controlled - Night", "tariffs": {"Daily Charge": "1.2892", "Gas Industry Company Fees (per day)": "0.0324", "Units used (kWh)": "0.1141"}, "price_last_changed": "Jan 2011"}
{"price_total": "1538", "area": "Morrinsville", "company": "Contact Energy", "plan_type": "EL", "discounts": "Online OnTime Discount: 22%", "plan": "Anytime with Night - Online OnTime (Low User)", "plan_category": "Controlled - Night", "tariffs": {"Electricity Authority Levy": "0.0018", "Daily charge": "0.3833", "Anytime": "0.3659", "Night": "0.2421"}, "price_last_changed": "Apr 2013"}
{"price_total": "1569", "area": "Morrinsville", "company": "Genesis Energy", "plan_type": "EL", "discounts": "Prompt Payment Discount: 10%", "plan": "Classic Anytime with Night Only", "plan_category": "Controlled - Night", "tariffs": {"Daily Fixed Charge": "0.3833", "Anytime": "0.3287", "Night Only": "0.2039"}, "price_last_changed": "Apr 2013"}
{"price_total": "1606", "area": "Morrinsville", "company": "Tiny Mighty Power", "plan_type": "EL", "discounts": "Prompt Payment Discount: 15%", "plan": "Uncontrolled with Night Meter", "plan_category": "Controlled - Night", "tariffs": {"Night Meter": "0.1566", "Daily Charge": "1.7498", "Uncontrolled": "0.2582"}, "price_last_changed": "May 2013"}
{"price_total": "1603", "area": "Morrinsville", "company": "Just Energy", "plan_type": "EL", "discounts": "Prompt Payment Discount: 20%", "plan": "A Just Deal - Low User Uncontrolled with Night", "plan_category": "Controlled - Night", "tariffs": {"Uncontrolled": "0.3542", "Electricity Authority Levy": "0.0024", "Daily charge": "0.4313", "Night": "0.2623"}, "price_last_changed": "Apr 2013"}
{"price_total": "1599", "area": "Morrinsville", "company": "Powershop", "plan_type": "EL", "discounts": "NA", "plan": "Low User Simple Saver + Night", "plan_category": "Controlled - Night", "tariffs": {}, "price_last_changed": "May 2013"}
{"price_total": "1582", "area": "Morrinsville", "company": "Meridian Energy", "plan_type": "EL", "discounts": "Prompt Payment Discount: 10%", "plan": "Low User Anytime with Night", "plan_category": "Controlled - Night", "tariffs": {"Low Daily": "0.3833", "Low Anytime": "0.3204", "Electricity Authority Levy": "0.0019", "Low Night": "0.2166"}, "price_last_changed": "Apr 2013"}
{"price_total": "1579", "area": "Morrinsville", "company": "Tiny Mighty Power", "plan_type": "EL", "discounts": "Prompt Payment Discount: 15%", "plan": "Price-Lock Uncontrolled with Night Meter (Low User)", "plan_category": "Controlled - Night", "tariffs": {"Night Meter": "0.2321", "Daily Charge": "0.4058", "Uncontrolled": "0.3397"}, "price_last_changed": "May 2013"}
{"price_total": "1538", "area": "Morrinsville", "company": "Contact Energy", "plan_type": "EL", "discounts": "Online OnTime Discount: 22%", "plan": "Anytime with Night - Online OnTime (Low User)", "plan_category": "Controlled - Night", "tariffs": {"Electricity Authority Levy": "0.0018", "Daily charge": "0.3833", "Anytime": "0.3659", "Night": "0.2421"}, "price_last_changed": "Apr 2013"}
{"price_total": "1491", "area": "Morrinsville", "company": "Tiny Mighty Power", "plan_type": "EL", "discounts": "Prompt Payment Discount: 15%", "plan": "Uncontrolled with Night Meter (Low User)", "plan_category": "Controlled - Night", "tariffs": {"Night Meter": "0.2178", "Daily Charge": "0.4058", "Uncontrolled": "0.3194"}, "price_last_changed": "May 2013"}
{"price_total": "1735", "area": "Morrinsville", "company": "Powershop", "plan_type": "EL", "discounts": "NA", "plan": "Simple Saver + Night", "plan_category": "Controlled - Night", "tariffs": {}, "price_last_changed": "May 2013"}
{"price_total": "1727", "area": "Morrinsville", "company": "Nova Energy", "plan_type": "EL", "discounts": "Prompt Payment Discount: 15%", "plan": "Standard user Anytime with Night", "plan_category": "Controlled - Night", "tariffs": {"Electricity Authority Levy": "0.0028", "Daily charge": "1.4867", "Anytime": "0.2965", "Night": "0.1945"}, "price_last_changed": "Mar 2013"}
{"price_total": "1720", "area": "Morrinsville", "company": "Genesis Energy", "plan_type": "EL", "discounts": "Prompt Payment Discount: 10%", "plan": "Household Anytime with Night Only", "plan_category": "Controlled - Night", "tariffs": {"Daily Fixed Charge": "1.8860", "Anytime": "0.2602", "Night Only": "0.1426"}, "price_last_changed": "Apr 2013"}
{"price_total": "1712", "area": "Morrinsville", "company": "Meridian Energy", "plan_type": "EL", "discounts": "Prompt Payment Discount: 10%", "plan": "Anytime with Night", "plan_category": "Controlled - Night", "tariffs": {"Electricity Authority Levy": "0.0019", "Daily": "1.8259", "Anytime": "0.2546", "Night": "0.1508"}, "price_last_changed": "Apr 2013"}
{"price_total": "1703", "area": "Morrinsville", "company": "Tiny Mighty Power", "plan_type": "EL", "discounts": "Prompt Payment Discount: 15%", "plan": "Price-Lock Uncontrolled with Night Meter", "plan_category": "Controlled - Night", "tariffs": {"Night Meter": "0.1661", "Daily Charge": "1.8548", "Uncontrolled": "0.2737"}, "price_last_changed": "May 2013"}
{"price_total": "1693", "area": "Morrinsville", "company": "Contact Energy", "plan_type": "EL", "discounts": "Online OnTime Discount: 22%", "plan": "Anytime with Night - Online OnTime", "plan_category": "Controlled - Night", "tariffs": {"Electricity Authority Levy": "0.0018", "Daily charge": "2.3701", "Anytime": "0.2753", "Night": "0.1514"}, "price_last_changed": "Apr 2013"}
{"price_total": "1668", "area": "Morrinsville", "company": "Just Energy", "plan_type": "EL", "discounts": "Prompt Payment Discount: 20%", "plan": "Low User Uncontrolled with Night", "plan_category": "Controlled - Night", "tariffs": {"Uncontrolled": "0.3693", "Electricity Authority Levy": "0.0024", "Daily charge": "0.4313", "Night": "0.2751"}, "price_last_changed": "Apr 2013"}
{"price_total": "1640", "area": "Morrinsville", "company": "Powershop", "plan_type": "EL", "discounts": "NA", "plan": "Low User Simple Saver Night", "plan_category": "Controlled - Night", "tariffs": {}, "price_last_changed": "Apr 2013"}
{"price_total": "1635", "area": "Morrinsville", "company": "Nova Energy", "plan_type": "EL", "discounts": "Prompt Payment Discount: 15%", "plan": "Low user Anytime with Night", "plan_category": "Controlled - Night", "tariffs": {"Electricity Authority Levy": "0.0028", "Daily charge": "0.4059", "Anytime": "0.3459", "Night": "0.2438"}, "price_last_changed": "Mar 2013"}
{"price_total": "1609", "area": "Morrinsville", "company": "Energy Online", "plan_type": "EL", "discounts": "Prompt Payment Discount: 20%", "plan": "Uncontrolled with Night", "plan_category": "Controlled - Night", "tariffs": {"Uncontrolled": "0.2670", "Daily charge": "2.0700", "Night": "0.1467"}, "price_last_changed": "May 2012"}
{"price_total": "1954", "area": "Morrinsville", "company": "Contact Energy", "plan_type": "EL", "discounts": "Prompt Payment Discount: 10%", "plan": "Anytime with Night", "plan_category": "Controlled - Night", "tariffs": {"Night": "0.1514", "Electricity Authority Levy": "0.0018", "Daily charge": "2.3701", "Anytime": "0.2753", "Additional DualEnergy prompt payment discount": "5%"}, "price_last_changed": "Apr 2013"}
{"price_total": "1954", "area": "Morrinsville", "company": "Empower", "plan_type": "EL", "discounts": "Prompt Payment Discount: 10%", "plan": "Anytime with Night", "plan_category": "Controlled - Night", "tariffs": {"Electricity Authority Levy": "0.0018", "Daily charge": "2.3701", "Anytime": "0.2753", "Night": "0.1514"}, "price_last_changed": "Apr 2013"}
{"price_total": "1917", "area": "Morrinsville", "company": "TrustPower", "plan_type": "EL", "discounts": "Prompt Payment Discount: 15%", "plan": "24 Hour with Night Owl (Low User)", "plan_category": "Controlled - Night", "tariffs": {"Daily Charge": "0.4058", "24 Hour": "0.3986", "Night Owl": "0.3043", "Electricity Market Fee": "0.0035"}, "price_last_changed": "Jun 2012"}
{"price_total": "1915", "area": "Morrinsville", "company": "TrustPower", "plan_type": "EL", "discounts": "Prompt Payment Discount: 15%", "plan": "24 Hour with Night Owl - Friends Extra", "plan_category": "Controlled - Night", "tariffs": {"5 Year Term Discount": "5%", "Daily Charge": "2.0815", "3 Year Term Discount": "4%", "Night Owl": "0.2090", "24 Hour": "0.3033", "Electricity Market Fee": "0.0035"}, "price_last_changed": "Jun 2012"}
{"price_total": "1824", "area": "Morrinsville", "company": "TrustPower", "plan_type": "EL", "discounts": "Prompt Payment Discount: 15%", "plan": "24 Hour with Night Owl (Low User) - Friends", "plan_category": "Controlled - Night", "tariffs": {"Daily Charge": "0.4058", "24 Hour": "0.3796", "Night Owl": "0.2853", "Electricity Market Fee": "0.0035"}, "price_last_changed": "Jun 2012"}
{"price_total": "1819", "area": "Morrinsville", "company": "Just Energy", "plan_type": "EL", "discounts": "Prompt Payment Discount: 20%", "plan": "Standard User Uncontrolled with Night", "plan_category": "Controlled - Night", "tariffs": {"Uncontrolled": "0.2812", "Electricity Authority Levy": "0.0024", "Daily charge": "2.3477", "Night": "0.1871"}, "price_last_changed": "Apr 2013"}
{"price_total": "1807", "area": "Morrinsville", "company": "Mercury Energy", "plan_type": "EL", "discounts": "Prompt Payment Discount: 10%", "plan": "Standard - Night (Hot water)", "plan_category": "Controlled - Night", "tariffs": {"Night Meter": "0.1596", "Daily Charge": "2.2336", "Inclusive": "0.2387"}, "price_last_changed": "Apr 2013"}
{"price_total": "1776", "area": "Morrinsville", "company": "Powershop", "plan_type": "EL", "discounts": "NA", "plan": "Simple Saver Night", "plan_category": "Controlled - Night", "tariffs": {}, "price_last_changed": "Apr 2013"}
{"price_total": "1775", "area": "Morrinsville", "company": "Empower", "plan_type": "EL", "discounts": "Prompt Payment Discount: 10%", "plan": "Anytime with Night (Low User)", "plan_category": "Controlled - Night", "tariffs": {"Electricity Authority Levy": "0.0018", "Daily charge": "0.3833", "Anytime": "0.3659", "Night": "0.2421"}, "price_last_changed": "Apr 2013"}
{"price_total": "1775", "area": "Morrinsville", "company": "Contact Energy", "plan_type": "EL", "discounts": "Prompt Payment Discount: 10%", "plan": "Anytime with Night (Low User)", "plan_category": "Controlled - Night", "tariffs": {"Night": "0.2421", "Electricity Authority Levy": "0.0018", "Daily charge": "0.3833", "Anytime": "0.3659", "Additional DualEnergy prompt payment discount": "5%"}, "price_last_changed": "Apr 2013"}
{"price_total": "1757", "area": "Morrinsville", "company": "TrustPower", "plan_type": "EL", "discounts": "Prompt Payment Discount: 15%", "plan": "24 Hour with Night Owl (Low User) - Friends Extra", "plan_category": "Controlled - Night", "tariffs": {"5 Year Term Discount": "5%", "Daily Charge": "0.4058", "3 Year Term Discount": "4%", "Night Owl": "0.2853", "24 Hour": "0.3796", "Electricity Market Fee": "0.0035"}, "price_last_changed": "Jun 2012"}
{"price_total": "1756", "area": "Morrinsville", "company": "Just Energy", "plan_type": "EL", "discounts": "Prompt Payment Discount: 20%", "plan": "A Just Deal - Standard User Uncontrolled with Night", "plan_category": "Controlled - Night", "tariffs": {"Uncontrolled": "0.2667", "Electricity Authority Levy": "0.0024", "Daily charge": "2.3477", "Night": "0.1748"}, "price_last_changed": "Apr 2013"}
{"price_total": "2072", "area": "Morrinsville", "company": "TrustPower", "plan_type": "EL", "discounts": "Prompt Payment Discount: 15%", "plan": "24 Hour with Night Owl", "plan_category": "Controlled - Night", "tariffs": {"Daily Charge": "2.2195", "24 Hour": "0.3159", "Night Owl": "0.2216", "Electricity Market Fee": "0.0035"}, "price_last_changed": "Jun 2012"}
{"price_total": "1967", "area": "Morrinsville", "company": "TrustPower", "plan_type": "EL", "discounts": "Prompt Payment Discount: 15%", "plan": "24 Hour with Night Owl - Friends", "plan_category": "Controlled - Night", "tariffs": {"Daily Charge": "2.0815", "24 Hour": "0.3033", "Night Owl": "0.2090", "Electricity Market Fee": "0.0035"}, "price_last_changed": "Jun 2012"}
{"price_total": "1332", "area": "Morrinsville", "company": "Energy Online", "plan_type": "EL", "discounts": "Prompt Payment Discount: 20%", "plan": "All Inclusive with Night (Low User)", "plan_category": "All inclusive plus nightstore", "tariffs": {"All inclusive": "0.3344", "Daily charge": "0.4313", "Night": "0.2141"}, "price_last_changed": "May 2012"}
{"price_total": "1708", "area": "Morrinsville", "company": "Just Energy", "plan_type": "EL", "discounts": "Prompt Payment Discount: 20%", "plan": "Low User All Inclusive with Night", "plan_category": "All inclusive plus nightstore", "tariffs": {"All Inclusive": "0.3562", "Electricity Authority Levy": "0.0024", "Daily charge": "0.4313", "Night": "0.2751"}, "price_last_changed": "Apr 2013"}
{"price_total": "1661", "area": "Morrinsville", "company": "Tiny Mighty Power", "plan_type": "EL", "discounts": "Prompt Payment Discount: 15%", "plan": "Combined with Night Meter", "plan_category": "All inclusive plus nightstore", "tariffs": {"Night Meter": "0.1566", "Daily charge": "1.7498", "Combined": "0.2466"}, "price_last_changed": "May 2013"}
{"price_total": "1659", "area": "Morrinsville", "company": "Powershop", "plan_type": "EL", "discounts": "NA", "plan": "Low User Simple Saver All Inclusive with nightstore", "plan_category": "All inclusive plus nightstore", "tariffs": {}, "price_last_changed": "Apr 2013"}
{"price_total": "1643", "area": "Morrinsville", "company": "Meridian Energy", "plan_type": "EL", "discounts": "Prompt Payment Discount: 10%", "plan": "Low User Economy 24 with Night", "plan_category": "All inclusive plus nightstore", "tariffs": {"Low Daily": "0.3833", "Low Night": "0.2166", "Electricity Authority Levy": "0.0019", "Low Economy 24": "0.3089"}, "price_last_changed": "Apr 2013"}
{"price_total": "1641", "area": "Morrinsville", "company": "Just Energy", "plan_type": "EL", "discounts": "Prompt Payment Discount: 20%", "plan": "A Just Deal - Low User All Inclusive with Night", "plan_category": "All inclusive plus nightstore", "tariffs": {"All Inclusive": "0.3413", "Electricity Authority Levy": "0.0024", "Daily charge": "0.4313", "Night": "0.2623"}, "price_last_changed": "Apr 2013"}
{"price_total": "1637", "area": "Morrinsville", "company": "Tiny Mighty Power", "plan_type": "EL", "discounts": "Prompt Payment Discount: 15%", "plan": "Price-Lock Combined with Night Meter (Low User)", "plan_category": "All inclusive plus nightstore", "tariffs": {"Night Meter": "0.2321", "Daily charge": "0.4058", "Combined": "0.3274"}, "price_last_changed": "May 2013"}
{"price_total": "1617", "area": "Morrinsville", "company": "Powershop", "plan_type": "EL", "discounts": "NA", "plan": "Low User Simple Saver + All Inclusive with nightstore", "plan_category": "All inclusive plus nightstore", "tariffs": {}, "price_last_changed": "May 2013"}
{"price_total": "1612", "area": "Morrinsville", "company": "TrustPower", "plan_type": "EL", "discounts": "Prompt Payment Discount: 15%", "plan": "All Inclusive with Night Owl (Low User)", "plan_category": "All inclusive plus nightstore", "tariffs": {"All inclusive": "0.3827", "Night Owl": "0.3043", "Daily charge": "0.4058", "Electricity Market Fee": "0.0035"}, "price_last_changed": "Jun 2012"}
{"price_total": "1603", "area": "Morrinsville", "company": "Contact Energy", "plan_type": "EL", "discounts": "Online OnTime Discount: 22%", "plan": "All Day Economy with Night - Online OnTime (Low User)", "plan_category": "All inclusive plus nightstore", "tariffs": {"All Day Economy": "0.3527", "Electricity Authority Levy": "0.0018", "Daily charge": "0.3833", "Night": "0.2421"}, "price_last_changed": "Apr 2013"}
{"price_total": "1546", "area": "Morrinsville", "company": "Tiny Mighty Power", "plan_type": "EL", "discounts": "Prompt Payment Discount: 15%", "plan": "Combined with Night Meter (Low User)", "plan_category": "All inclusive plus nightstore", "tariffs": {"Night Meter": "0.2178", "Daily charge": "0.4058", "Combined": "0.3077"}, "price_last_changed": "May 2013"}
{"price_total": "1541", "area": "Morrinsville", "company": "Energy Online", "plan_type": "EL", "discounts": "Prompt Payment Discount: 20%", "plan": "All Inclusive with Night", "plan_category": "All inclusive plus nightstore", "tariffs": {"All inclusive": "0.2597", "Daily charge": "2.0700", "Night": "0.1467"}, "price_last_changed": "May 2012"}
{"price_total": "1540", "area": "Morrinsville", "company": "TrustPower", "plan_type": "EL", "discounts": "Prompt Payment Discount: 15%", "plan": "All Inclusive with Night Owl (Low User) - Friends", "plan_category": "All inclusive plus nightstore", "tariffs": {"All inclusive": "0.3637", "Night Owl": "0.2853", "Daily charge": "0.4058", "Electricity Market Fee": "0.0035"}, "price_last_changed": "Jun 2012"}
{"price_total": "1722", "area": "Morrinsville", "company": "Mercury Energy", "plan_type": "EL", "discounts": "Prompt Payment Discount: 10%", "plan": "Low User - Night (Nightstore heating)", "plan_category": "All inclusive plus nightstore", "tariffs": {"Night Meter": "0.2439", "Daily Charge": "0.3833", "Inclusive": "0.3230"}, "price_last_changed": "Apr 2013"}
{"price_total": "414", "area": "Morrinsville", "company": "Contact Energy", "plan_type": "GA", "discounts": "Electronic Payment discount: 22%", "plan": "Living Smart - Online OnTime", "plan_category": "All inclusive plus nightstore", "tariffs": {"Daily Charge": "1.2892", "Gas Industry Company Fees (per day)": "0.0324", "Units used (kWh)": "0.1141"}, "price_last_changed": "Jan 2011"}
{"price_total": "1651", "area": "Morrinsville", "company": "Genesis Energy", "plan_type": "EL", "discounts": "Prompt Payment Discount: 10%", "plan": "Classic Composite with Night Only", "plan_category": "All inclusive plus nightstore", "tariffs": {"Composite": "0.3172", "Daily Fixed Charge": "0.3833", "Night Only": "0.2039"}, "price_last_changed": "Apr 2013"}
{"price_total": "2028", "area": "Morrinsville", "company": "Contact Energy", "plan_type": "EL", "discounts": "Prompt Payment Discount: 10%", "plan": "All Day Economy with Night", "plan_category": "All inclusive plus nightstore", "tariffs": {"All Day Economy": "0.2620", "Electricity Authority Levy": "0.0018", "Daily charge": "2.3701", "Night": "0.1514"}, "price_last_changed": "Apr 2013"}
{"price_total": "2028", "area": "Morrinsville", "company": "Empower", "plan_type": "EL", "discounts": "Prompt Payment Discount: 10%", "plan": "All Day Economy with Night", "plan_category": "All inclusive plus nightstore", "tariffs": {"All Day Economy": "0.2620", "Electricity Authority Levy": "0.0018", "Daily charge": "2.3701", "Night": "0.1514"}, "price_last_changed": "Apr 2013"}
{"price_total": "1889", "area": "Morrinsville", "company": "Mercury Energy", "plan_type": "EL", "discounts": "Prompt Payment Discount: 10%", "plan": "Standard - Night (Nightstore heating)", "plan_category": "All inclusive plus nightstore", "tariffs": {"Night Meter": "0.1596", "Daily Charge": "2.2336", "Inclusive": "0.2387"}, "price_last_changed": "Apr 2013"}
{"price_total": "1858", "area": "Morrinsville", "company": "TrustPower", "plan_type": "EL", "discounts": "Prompt Payment Discount: 15%", "plan": "All Inclusive with Night Owl", "plan_category": "All inclusive plus nightstore", "tariffs": {"All inclusive": "0.3000", "Night Owl": "0.2216", "Daily charge": "2.2195", "Electricity Market Fee": "0.0035"}, "price_last_changed": "Jun 2012"}
{"price_total": "1858", "area": "Morrinsville", "company": "Just Energy", "plan_type": "EL", "discounts": "Prompt Payment Discount: 20%", "plan": "Standard User All Inclusive with Night", "plan_category": "All inclusive plus nightstore", "tariffs": {"All Inclusive": "0.2681", "Electricity Authority Levy": "0.0024", "Daily charge": "2.3477", "Night": "0.1871"}, "price_last_changed": "Apr 2013"}
{"price_total": "1849", "area": "Morrinsville", "company": "Contact Energy", "plan_type": "EL", "discounts": "Prompt Payment Discount: 10%", "plan": "All Day Economy with Night (Low User)", "plan_category": "All inclusive plus nightstore", "tariffs": {"All Day Economy": "0.3527", "Electricity Authority Levy": "0.0018", "Daily charge": "0.3833", "Night": "0.2421"}, "price_last_changed": "Apr 2013"}
{"price_total": "1849", "area": "Morrinsville", "company": "Empower", "plan_type": "EL", "discounts": "Prompt Payment Discount: 10%", "plan": "All Day Economy with Night (Low User)", "plan_category": "All inclusive plus nightstore", "tariffs": {"All Day Economy": "0.3527", "Electricity Authority Levy": "0.0018", "Daily charge": "0.3833", "Night": "0.2421"}, "price_last_changed": "Apr 2013"}
{"price_total": "1795", "area": "Morrinsville", "company": "Genesis Energy", "plan_type": "EL", "discounts": "Prompt Payment Discount: 10%", "plan": "Household Composite with Night Only", "plan_category": "All inclusive plus nightstore", "tariffs": {"Composite": "0.2487", "Daily Fixed Charge": "1.8860", "Night Only": "0.1426"}, "price_last_changed": "Apr 2013"}
{"price_total": "1795", "area": "Morrinsville", "company": "Powershop", "plan_type": "EL", "discounts": "NA", "plan": "Simple Saver All Inclusive with nightstore", "plan_category": "All inclusive plus nightstore", "tariffs": {}, "price_last_changed": "Apr 2013"}
{"price_total": "1794", "area": "Morrinsville", "company": "Just Energy", "plan_type": "EL", "discounts": "Prompt Payment Discount: 20%", "plan": "A Just Deal - Standard User All Inclusive with Night", "plan_category": "All inclusive plus nightstore", "tariffs": {"All Inclusive": "0.2538", "Electricity Authority Levy": "0.0024", "Daily charge": "2.3477", "Night": "0.1748"}, "price_last_changed": "Apr 2013"}
{"price_total": "1772", "area": "Morrinsville", "company": "Meridian Energy", "plan_type": "EL", "discounts": "Prompt Payment Discount: 10%", "plan": "Economy 24 with Night", "plan_category": "All inclusive plus nightstore", "tariffs": {"Economy 24": "0.2431", "Electricity Authority Levy": "0.0019", "Daily": "1.8259", "Night": "0.1508"}, "price_last_changed": "Apr 2013"}
{"price_total": "1767", "area": "Morrinsville", "company": "TrustPower", "plan_type": "EL", "discounts": "Prompt Payment Discount: 15%", "plan": "All Inclusive with Night Owl - Friends", "plan_category": "All inclusive plus nightstore", "tariffs": {"All inclusive": "0.2874", "Night Owl": "0.2090", "Daily charge": "2.0815", "Electricity Market Fee": "0.0035"}, "price_last_changed": "Jun 2012"}
{"price_total": "1761", "area": "Morrinsville", "company": "Tiny Mighty Power", "plan_type": "EL", "discounts": "Prompt Payment Discount: 15%", "plan": "Price-Lock Combined with Night Meter", "plan_category": "All inclusive plus nightstore", "tariffs": {"Night Meter": "0.1661", "Daily charge": "1.8548", "Combined": "0.2614"}, "price_last_changed": "May 2013"}
{"price_total": "1758", "area": "Morrinsville", "company": "Contact Energy", "plan_type": "EL", "discounts": "Online OnTime Discount: 22%", "plan": "All Day Economy with Night - Online OnTime", "plan_category": "All inclusive plus nightstore", "tariffs": {"All Day Economy": "0.2620", "Electricity Authority Levy": "0.0018", "Daily charge": "2.3701", "Night": "0.1514"}, "price_last_changed": "Apr 2013"}
{"price_total": "1754", "area": "Morrinsville", "company": "Powershop", "plan_type": "EL", "discounts": "NA", "plan": "Simple Saver + All Inclusive with nightstore", "plan_category": "All inclusive plus nightstore", "tariffs": {}, "price_last_changed": "May 2013"}
{"price_total": "1723", "area": "Morrinsville", "company": "TrustPower", "plan_type": "EL", "discounts": "Prompt Payment Discount: 15%", "plan": "All Inclusive with Night Owl - Friends Extra", "plan_category": "All inclusive plus nightstore", "tariffs": {"5 Year Term Discount": "5%", "All inclusive": "0.2874", "Daily charge": "2.0815", "3 Year Term Discount": "4%", "Night Owl": "0.2090", "Electricity Market Fee": "0.0035"}, "price_last_changed": "Jun 2012"}
{"price_total": "1623", "area": "Morrinsville", "company": "Tiny Mighty Power", "plan_type": "EL", "discounts": "Prompt Payment Discount: 15%", "plan": "Uncontrolled with Controlled (Low User)", "plan_category": "Controlled - 19 hour", "tariffs": {"Controlled": "0.2812", "Daily charge": "0.4058", "Uncontrolled": "0.3194"}, "price_last_changed": "May 2013"}
{"price_total": "1788", "area": "Morrinsville", "company": "Energy Online", "plan_type": "EL", "discounts": "Prompt Payment Discount: 20%", "plan": "Uncontrolled with Controlled", "plan_category": "Controlled - 19 hour", "tariffs": {"Controlled": "0.2378", "Daily charge": "2.0700", "Uncontrolled": "0.2670"}, "price_last_changed": "May 2012"}
{"price_total": "1767", "area": "Morrinsville", "company": "Just Energy", "plan_type": "EL", "discounts": "Prompt Payment Discount: 20%", "plan": "Low User Uncontrolled with Controlled", "plan_category": "Controlled - 19 hour", "tariffs": {"Controlled": "0.3252", "Electricity Authority Levy": "0.0024", "Daily charge": "0.4313", "Uncontrolled": "0.3693"}, "price_last_changed": "Apr 2013"}
{"price_total": "1738", "area": "Morrinsville", "company": "Tiny Mighty Power", "plan_type": "EL", "discounts": "Prompt Payment Discount: 15%", "plan": "Uncontrolled with Controlled", "plan_category": "Controlled - 19 hour", "tariffs": {"Controlled": "0.2200", "Daily charge": "1.7498", "Uncontrolled": "0.2582"}, "price_last_changed": "May 2013"}
{"price_total": "1731", "area": "Morrinsville", "company": "Nova Energy", "plan_type": "EL", "discounts": "Prompt Payment Discount: 15%", "plan": "Low user Anytime with Controlled", "plan_category": "Controlled - 19 hour", "tariffs": {"Controlled": "0.2901", "Electricity Authority Levy": "0.0028", "Daily charge": "0.4059", "Anytime": "0.3459"}, "price_last_changed": "Mar 2013"}
{"price_total": "1725", "area": "Morrinsville", "company": "Powershop", "plan_type": "EL", "discounts": "NA", "plan": "Low User Simple Saver Controlled", "plan_category": "Controlled - 19 hour", "tariffs": {}, "price_last_changed": "Apr 2013"}
{"price_total": "1719", "area": "Morrinsville", "company": "Tiny Mighty Power", "plan_type": "EL", "discounts": "Prompt Payment Discount: 15%", "plan": "Price-Lock Uncontrolled with Controlled (Low User)", "plan_category": "Controlled - 19 hour", "tariffs": {"Controlled": "0.2992", "Daily charge": "0.4058", "Uncontrolled": "0.3397"}, "price_last_changed": "May 2013"}
{"price_total": "1719", "area": "Morrinsville", "company": "Meridian Energy", "plan_type": "EL", "discounts": "Prompt Payment Discount: 10%", "plan": "Low User Anytime with Controlled", "plan_category": "Controlled - 19 hour", "tariffs": {"Low Daily": "0.3833", "Low Anytime": "0.3204", "Low Controlled": "0.2789", "Electricity Authority Levy": "0.0019"}, "price_last_changed": "Apr 2013"}
{"price_total": "1698", "area": "Morrinsville", "company": "Just Energy", "plan_type": "EL", "discounts": "Prompt Payment Discount: 20%", "plan": "A Just Deal - Low User Uncontrolled with Controlled", "plan_category": "Controlled - 19 hour", "tariffs": {"Controlled": "0.3110", "Electricity Authority Levy": "0.0024", "Daily charge": "0.4313", "Uncontrolled": "0.3542"}, "price_last_changed": "Apr 2013"}
{"price_total": "1695", "area": "Morrinsville", "company": "Contact Energy", "plan_type": "EL", "discounts": "Online OnTime Discount: 22%", "plan": "Anytime with Economy - Online OnTime (Low User)", "plan_category": "Controlled - 19 hour", "tariffs": {"Electricity Authority Levy": "0.0018", "Daily charge": "0.3833", "Anytime": "0.3659", "Economy": "0.3240"}, "price_last_changed": "Apr 2013"}
{"price_total": "1684", "area": "Morrinsville", "company": "Powershop", "plan_type": "EL", "discounts": "NA", "plan": "Low User Simple Saver + Controlled", "plan_category": "Controlled - 19 hour", "tariffs": {}, "price_last_changed": "May 2013"}
{"price_total": "1657", "area": "Morrinsville", "company": "Energy Online", "plan_type": "EL", "discounts": "Prompt Payment Discount: 20%", "plan": "Uncontrolled with Controlled (Low User)", "plan_category": "Controlled - 19 hour", "tariffs": {"Controlled": "0.3126", "Daily charge": "0.4313", "Uncontrolled": "0.3418"}, "price_last_changed": "May 2012"}
{"price_total": "1794", "area": "Morrinsville", "company": "Mercury Energy", "plan_type": "EL", "discounts": "Prompt Payment Discount: 10%", "plan": "Low User - Combination", "plan_category": "Controlled - 19 hour", "tariffs": {"Controlled": "0.2960", "Daily Charge": "0.3833", "Anytime": "0.3359"}, "price_last_changed": "Apr 2013"}
{"price_total": "426", "area": "Morrinsville", "company": "Nova Energy", "plan_type": "GA", "discounts": "Prompt Payment discount: 15%", "plan": "Gas plan", "plan_category": "Controlled - 19 hour", "tariffs": {"Units used (kWh)": "0.1305", "Gas Industry Fees (per day)": "0.0231", "Daily Charge": "1.1967"}, "price_last_changed": "Mar 2013"}
{"price_total": "1731", "area": "Morrinsville", "company": "Nova Energy", "plan_type": "EL", "discounts": "Prompt Payment Discount: 15%", "plan": "Low user Anytime with Controlled", "plan_category": "Controlled - 19 hour", "tariffs": {"Controlled": "0.2901", "Electricity Authority Levy": "0.0028", "Daily charge": "0.4059", "Anytime": "0.3459"}, "price_last_changed": "Mar 2013"}
{"price_total": "414", "area": "Morrinsville", "company": "Contact Energy", "plan_type": "GA", "discounts": "Electronic Payment discount: 22%", "plan": "Living Smart - Online OnTime", "plan_category": "Controlled - 19 hour", "tariffs": {"Daily Charge": "1.2892", "Gas Industry Company Fees (per day)": "0.0324", "Units used (kWh)": "0.1141"}, "price_last_changed": "Jan 2011"}
{"price_total": "1695", "area": "Morrinsville", "company": "Contact Energy", "plan_type": "EL", "discounts": "Online OnTime Discount: 22%", "plan": "Anytime with Economy - Online OnTime (Low User)", "plan_category": "Controlled - 19 hour", "tariffs": {"Electricity Authority Levy": "0.0018", "Daily charge": "0.3833", "Anytime": "0.3659", "Economy": "0.3240"}, "price_last_changed": "Apr 2013"}
{"price_total": "1759", "area": "Morrinsville", "company": "Genesis Energy", "plan_type": "EL", "discounts": "Prompt Payment Discount: 10%", "plan": "Classic Anytime with Controlled", "plan_category": "Controlled - 19 hour", "tariffs": {"Daily Fixed Charge": "0.3833", "Controlled": "0.2903", "Anytime": "0.3287"}, "price_last_changed": "Apr 2013"}
{"price_total": "2208", "area": "Morrinsville", "company": "TrustPower", "plan_type": "EL", "discounts": "Prompt Payment Discount: 15%", "plan": "24 Hour with Controlled", "plan_category": "Controlled - 19 hour", "tariffs": {"24 Hour": "0.3159", "Controlled": "0.2868", "Daily Charge": "2.2195", "Electricity Market Fee": "0.0035"}, "price_last_changed": "Jun 2012"}
{"price_total": "2135", "area": "Morrinsville", "company": "Contact Energy", "plan_type": "EL", "discounts": "Prompt Payment Discount: 10%", "plan": "Anytime with Economy", "plan_category": "Controlled - 19 hour", "tariffs": {"Economy": "0.2334", "Electricity Authority Levy": "0.0018", "Daily charge": "2.3701", "Anytime": "0.2753", "Additional DualEnergy prompt payment discount": "5%"}, "price_last_changed": "Apr 2013"}
{"price_total": "2135", "area": "Morrinsville", "company": "Empower", "plan_type": "EL", "discounts": "Prompt Payment Discount: 10%", "plan": "Anytime with Economy", "plan_category": "Controlled - 19 hour", "tariffs": {"Electricity Authority Levy": "0.0018", "Daily charge": "2.3701", "Anytime": "0.2753", "Economy": "0.2334"}, "price_last_changed": "Apr 2013"}
{"price_total": "2102", "area": "Morrinsville", "company": "TrustPower", "plan_type": "EL", "discounts": "Prompt Payment Discount: 15%", "plan": "24 Hour with Controlled - Friends", "plan_category": "Controlled - 19 hour", "tariffs": {"24 Hour": "0.3033", "Controlled": "0.2742", "Daily Charge": "2.0815", "Electricity Market Fee": "0.0035"}, "price_last_changed": "Jun 2012"}
{"price_total": "2053", "area": "Morrinsville", "company": "TrustPower", "plan_type": "EL", "discounts": "Prompt Payment Discount: 15%", "plan": "24 Hour with Controlled (Low User)", "plan_category": "Controlled - 19 hour", "tariffs": {"24 Hour": "0.3986", "Controlled": "0.3695", "Daily Charge": "0.4058", "Electricity Market Fee": "0.0035"}, "price_last_changed": "Jun 2012"}
{"price_total": "2045", "area": "Morrinsville", "company": "TrustPower", "plan_type": "EL", "discounts": "Prompt Payment Discount: 15%", "plan": "24 Hour with Controlled - Friends Extra", "plan_category": "Controlled - 19 hour", "tariffs": {"5 Year Term Discount": "5%", "Controlled": "0.2742", "Daily Charge": "2.0815", "3 Year Term Discount": "4%", "24 Hour": "0.3033", "Electricity Market Fee": "0.0035"}, "price_last_changed": "Jun 2012"}
{"price_total": "1961", "area": "Morrinsville", "company": "Mercury Energy", "plan_type": "EL", "discounts": "Prompt Payment Discount: 10%", "plan": "Standard - Combination", "plan_category": "Controlled - 19 hour", "tariffs": {"Controlled": "0.2117", "Daily Charge": "2.2336", "Anytime": "0.2516"}, "price_last_changed": "Apr 2013"}
{"price_total": "1959", "area": "Morrinsville", "company": "TrustPower", "plan_type": "EL", "discounts": "Prompt Payment Discount: 15%", "plan": "24 Hour with Controlled (Low User) - Friends", "plan_category": "Controlled - 19 hour", "tariffs": {"24 Hour": "0.3796", "Controlled": "0.3505", "Daily Charge": "0.4058", "Electricity Market Fee": "0.0035"}, "price_last_changed": "Jun 2012"}
{"price_total": "1956", "area": "Morrinsville", "company": "Contact Energy", "plan_type": "EL", "discounts": "Prompt Payment Discount: 10%", "plan": "Anytime with Economy (Low User)", "plan_category": "Controlled - 19 hour", "tariffs": {"Economy": "0.3240", "Electricity Authority Levy": "0.0018", "Daily charge": "0.3833", "Anytime": "0.3659", "Additional DualEnergy prompt payment discount": "5%"}, "price_last_changed": "Apr 2013"}
{"price_total": "1956", "area": "Morrinsville", "company": "Empower", "plan_type": "EL", "discounts": "Prompt Payment Discount: 10%", "plan": "Anytime with Economy (Low User)", "plan_category": "Controlled - 19 hour", "tariffs": {"Electricity Authority Levy": "0.0018", "Daily charge": "0.3833", "Anytime": "0.3659", "Economy": "0.3240"}, "price_last_changed": "Apr 2013"}
{"price_total": "1924", "area": "Morrinsville", "company": "Contact Energy", "plan_type": "EL", "discounts": "Online OnTime Discount: 22%", "plan": "Anytime with Economy - Online OnTime", "plan_category": "Controlled - 19 hour", "tariffs": {"Electricity Authority Levy": "0.0182", "Daily charge": "2.3701", "Anytime": "0.2753", "Economy": "0.2334"}, "price_last_changed": "Apr 2013"}
{"price_total": "1917", "area": "Morrinsville", "company": "Just Energy", "plan_type": "EL", "discounts": "Prompt Payment Discount: 20%", "plan": "Standard User Uncontrolled with Controlled", "plan_category": "Controlled - 19 hour", "tariffs": {"Controlled": "0.2371", "Electricity Authority Levy": "0.0024", "Daily charge": "2.3477", "Uncontrolled": "0.2812"}, "price_last_changed": "Apr 2013"}
{"price_total": "1895", "area": "Morrinsville", "company": "Genesis Energy", "plan_type": "EL", "discounts": "Prompt Payment Discount: 10%", "plan": "Household Anytime with Controlled", "plan_category": "Controlled - 19 hour", "tariffs": {"Daily Fixed Charge": "1.8860", "Controlled": "0.2218", "Anytime": "0.2602"}, "price_last_changed": "Apr 2013"}
{"price_total": "1887", "area": "Morrinsville", "company": "TrustPower", "plan_type": "EL", "discounts": "Prompt Payment Discount: 15%", "plan": "24 Hour with Controlled (Low User) - Friends Extra", "plan_category": "Controlled - 19 hour", "tariffs": {"5 Year Term Discount": "5%", "Controlled": "0.3505", "Daily Charge": "0.4058", "3 Year Term Discount": "4%", "24 Hour": "0.3796", "Electricity Market Fee": "0.0035"}, "price_last_changed": "Jun 2012"}
{"price_total": "1861", "area": "Morrinsville", "company": "Powershop", "plan_type": "EL", "discounts": "NA", "plan": "Simple Saver Controlled", "plan_category": "Controlled - 19 hour", "tariffs": {}, "price_last_changed": "Apr 2013"}
{"price_total": "1851", "area": "Morrinsville", "company": "Just Energy", "plan_type": "EL", "discounts": "Prompt Payment Discount: 20%", "plan": "A Just Deal - Standard User Uncontrolled with Controlled", "plan_category": "Controlled - 19 hour", "tariffs": {"Controlled": "0.2234", "Electricity Authority Levy": "0.0024", "Daily charge": "2.3477", "Uncontrolled": "0.2667"}, "price_last_changed": "Apr 2013"}
{"price_total": "1849", "area": "Morrinsville", "company": "Meridian Energy", "plan_type": "EL", "discounts": "Prompt Payment Discount: 10%", "plan": "Anytime with Controlled", "plan_category": "Controlled - 19 hour", "tariffs": {"Controlled": "0.2131", "Electricity Authority Levy": "0.0019", "Daily": "1.8259", "Anytime": "0.2546"}, "price_last_changed": "Apr 2013"}
{"price_total": "1842", "area": "Morrinsville", "company": "Tiny Mighty Power", "plan_type": "EL", "discounts": "Prompt Payment Discount: 15%", "plan": "Price-Lock Uncontrolled with Controlled", "plan_category": "Controlled - 19 hour", "tariffs": {"Controlled": "0.2332", "Daily charge": "1.8548", "Uncontrolled": "0.2737"}, "price_last_changed": "May 2013"}
{"price_total": "1823", "area": "Morrinsville", "company": "Nova Energy", "plan_type": "EL", "discounts": "Prompt Payment Discount: 15%", "plan": "Standard user Anytime with Controlled", "plan_category": "Controlled - 19 hour", "tariffs": {"Controlled": "0.2408", "Electricity Authority Levy": "0.0028", "Daily charge": "1.4867", "Anytime": "0.2965"}, "price_last_changed": "Mar 2013"}
{"price_total": "1820", "area": "Morrinsville", "company": "Powershop", "plan_type": "EL", "discounts": "NA", "plan": "Simple Saver + Controlled", "plan_category": "Controlled - 19 hour", "tariffs": {}, "price_last_changed": "May 2013"}
